Day,Month,Time
Monday,October,3 pm
Sunday,October,3 pm
Saturday,October,3 pm
Saturday,October,2 pm
Monday,September,12 pm
Sunday,February,3 pm
Friday,June,2 pm
Friday,December,6 pm
Wednesday,August,2 pm
Sunday,August,10 am
Saturday,August,4 pm
Saturday,November,6 pm
Saturday,November,6 pm
Friday,December,3 pm
Friday,October,3 pm
Saturday,September,3 pm
Saturday,September,3 pm
Sunday,March,4 pm
Saturday,March,4 pm
Saturday,November,3 pm
Friday,September,2 pm
Friday,November,4 pm
Friday,October,5 pm
Sunday,September,3 pm
Thursday,March,12 pm
Saturday,August,2 pm
Saturday,May,2 pm
Saturday,August,3 pm
Saturday,June,11 am
Saturday,May,12 pm
Saturday,February,3 pm
Sunday,June,2 pm
Monday,July,3 pm
Friday,September,4 pm
Sunday,March,2 pm
Saturday,February,3 pm
Saturday,February,3 pm
Tuesday,September,10 am
Saturday,July,2 pm
Saturday,July,2 pm
Saturday,January,4 pm
Saturday,March,3 pm
Saturday,February,3 pm
Saturday,May,3 pm
Saturday,November,4 pm
Sunday,January,4 pm
Saturday,January,4 pm
Saturday,November,3 pm
Thursday,April,3 pm
Friday,November,2 pm
Saturday,June,3 pm
Saturday,April,3 pm
Saturday,March,1 pm
Saturday,April,12 pm
Monday,December,4 pm
Saturday,April,3 pm
Sunday,September,3 pm
Friday,May,11 am
Saturday,July,5 pm
Saturday,September,3 pm
Saturday,October,2 pm
Friday,September,2 pm
Saturday,April,3 pm
Friday,May,3 pm
Saturday,October,6 pm
Saturday,March,4 pm
Saturday,January,3 pm
Sunday,November,3 pm
Sunday,November,3 pm
Wednesday,August,3 pm
Saturday,December,3 pm
Friday,August,1 pm
Sunday,December,3 pm
Friday,March,3 pm
Friday,December,3 pm
Friday,December,5 pm
Monday,January,10 am
Friday,April,3 pm
Saturday,June,3 pm
Thursday,September,4 pm
Thursday,April,1 am
Monday,December,7 pm
Saturday,March,11 am
Sunday,June,3 pm
Saturday,September,3 pm
Saturday,October,4 pm
Saturday,October,4 pm
Saturday,July,10 am
Sunday,November,3 pm
Saturday,February,3 pm
Sunday,January,3 pm
Thursday,July,4 pm
Saturday,May,10 am
Saturday,October,3 pm
Sunday,February,2 pm
Saturday,January,2 pm
Tuesday,March,1 pm
Friday,October,3 pm
Friday,December,3 pm
Saturday,April,7 pm
Sunday,May,2 pm
Sunday,December,12 am
Saturday,September,3 pm
Sunday,July,2 pm
Saturday,February,3 pm
Saturday,October,3 pm
Monday,October,3 pm
Friday,September,3 pm
Friday,July,4 pm
Saturday,October,4 pm
Saturday,April,3 pm
Thursday,November,3 pm
Sunday,May,2 pm
Wednesday,December,3 pm
Saturday,April,6 am
Sunday,April,3 pm
Friday,May,2 pm
Friday,September,3 pm
Saturday,August,3 pm
Friday,September,2 pm
Saturday,April,4 pm
Wednesday,December,6 pm
Saturday,July,2 pm
Friday,May,3 pm
Friday,November,6 pm
Thursday,November,11 am
Friday,November,6 pm
Saturday,April,5 pm
Monday,January,12 pm
Saturday,August,5 pm
Saturday,May,3 pm
Thursday,January,6 pm
Saturday,September,1 pm
Friday,March,5 pm
Saturday,November,3 pm
Saturday,August,5 pm
Saturday,January,4 pm
Saturday,November,3 pm
Saturday,April,3 pm
Saturday,August,4 pm
Friday,September,10 am
Friday,November,3 pm
Saturday,December,4 pm
Saturday,October,10 am
Sunday,July,2 pm
Friday,August,3 pm
Wednesday,January,3 pm
Saturday,June,5 pm
Wednesday,April,3 pm
Saturday,March,3 pm
Saturday,May,3 pm
Saturday,August,3 pm
Monday,September,4 pm
Saturday,April,4 pm
Saturday,April,5 pm
Sunday,April,5 pm
Sunday,February,10 am
Saturday,July,2 pm
Sunday,September,3 pm
Sunday,October,12 pm
Friday,October,3 pm
Saturday,May,3 pm
Saturday,May,6 pm
Friday,November,2 pm
Saturday,March,3 pm
Saturday,August,11 am
Friday,September,3 pm
Saturday,June,3 pm
Friday,June,5 pm
Saturday,November,11 am
Saturday,December,4 pm
Friday,May,3 pm
Friday,October,3 pm
Wednesday,July,5 pm
Thursday,August,5 pm
Saturday,September,3 pm
Saturday,July,5 pm
Saturday,May,1 pm
Thursday,November,3 pm
Friday,August,3 pm
Sunday,September,1 pm
Sunday,December,4 pm
Saturday,May,4 pm
Saturday,July,5 pm
Saturday,August,1 pm
Saturday,February,5 pm
Saturday,June,3 pm
Saturday,September,1 pm
Saturday,June,3 pm
Saturday,May,2 pm
Saturday,July,3 pm
Sunday,November,3 pm
Saturday,March,3 pm
Saturday,June,4 pm
Saturday,August,3 pm
Sunday,October,3 pm
Friday,November,3 pm
Saturday,June,3 pm
Saturday,March,3 pm
Friday,August,4 pm
Sunday,January,5 pm
Saturday,November,1 pm
Saturday,May,6 pm
Friday,August,3 pm
Tuesday,September,3 pm
Saturday,April,3 pm
Saturday,December,4 pm
Saturday,October,10 am
Thursday,September,2 pm
Friday,August,3 pm
Sunday,April,2 pm
Friday,May,5 pm
Friday,October,3 pm
Saturday,September,4 pm
Monday,April,10 am
Friday,April,5 pm
Sunday,October,3 pm
Thursday,December,2 pm
Saturday,January,2 pm
Saturday,January,2 pm
Friday,April,3 pm
Monday,March,1 pm
Saturday,February,3 pm
Saturday,October,4 pm
Sunday,October,11 am
Thursday,December,3 pm
Saturday,May,3 pm
Thursday,September,12 pm
Saturday,October,4 pm
Saturday,January,3 pm
Saturday,January,3 pm
Sunday,October,3 pm
Saturday,February,3 pm
Wednesday,July,2 pm
Saturday,April,2 pm
Wednesday,June,1 pm
Sunday,March,3 pm
Sunday,March,3 pm
Friday,November,5 pm
Saturday,July,3 pm
Friday,November,7 pm
Sunday,November,3 pm
Thursday,May,2 pm
Saturday,October,3 pm
Saturday,October,3 pm
Saturday,May,3 pm
Saturday,December,5 pm
Friday,May,1 pm
Saturday,November,4 pm
Sunday,January,3 pm
Wednesday,July,3 pm
Saturday,October,3 pm
Friday,November,3 pm
Saturday,August,10 am
Friday,August,3 pm
Friday,April,3 pm
Saturday,July,3 pm
Friday,April,3 pm
Saturday,December,4 pm
Wednesday,July,2 pm
Friday,April,3 pm
Sunday,November,3 pm
Saturday,February,3 pm
Friday,September,11 am
Saturday,April,3 pm
Saturday,June,6 am
Saturday,April,3 pm
Friday,July,3 pm
Friday,September,3 pm
Saturday,April,3 pm
Thursday,January,6 pm
Friday,April,3 pm
Wednesday,August,3 pm
Sunday,August,4 pm
Saturday,June,3 pm
Friday,April,3 pm
Friday,September,3 pm
Friday,January,3 pm
Saturday,April,3 pm
Friday,July,3 pm
Friday,July,3 pm
Saturday,January,3 pm
Saturday,November,3 pm
Thursday,November,3 pm
Friday,April,12 pm
Saturday,August,3 pm
Saturday,October,3 pm
Thursday,June,4 pm
Monday,September,3 pm
Sunday,July,3 pm
Sunday,February,3 pm
Saturday,April,6 pm
Saturday,January,3 pm
Saturday,October,11 am
Sunday,March,3 pm
Friday,January,3 pm
Saturday,September,3 pm
Saturday,August,10 am
Saturday,November,5 pm
Saturday,October,3 pm
Thursday,December,2 pm
Saturday,September,3 pm
Saturday,January,6 pm
Saturday,May,3 pm
Friday,September,2 pm
Sunday,October,3 pm
Saturday,September,3 pm
Saturday,April,4 pm
Saturday,May,2 pm
Saturday,October,3 pm
Saturday,April,4 pm
Thursday,September,1 pm
Saturday,September,4 pm
Thursday,March,3 pm
Wednesday,September,12 am
Saturday,March,3 pm
Saturday,April,3 pm
Saturday,November,6 pm
Saturday,May,2 pm
Saturday,September,3 pm
Saturday,February,5 pm
Saturday,August,3 pm
Saturday,October,3 pm
Saturday,March,11 am
Thursday,December,3 pm
Saturday,September,3 pm
Saturday,October,3 pm
Saturday,October,3 pm
Monday,May,2 pm
Saturday,September,10 am
Friday,January,6 pm
Saturday,August,3 pm
Friday,March,2 pm
Saturday,September,3 pm
Saturday,February,4 pm
Thursday,May,2 pm
Saturday,November,3 pm
Tuesday,January,3 pm
Thursday,April,4 pm
Saturday,May,3 pm
Saturday,August,2 pm
Saturday,November,12 pm
Friday,April,12 pm
Saturday,September,3 pm
Saturday,January,3 pm
Saturday,July,5 pm
Sunday,May,3 pm
Friday,April,4 pm
Saturday,October,4 pm
Friday,October,4 pm
Saturday,October,3 pm
Saturday,May,2 pm
Saturday,May,3 pm
Sunday,November,2 pm
Friday,October,12 pm
Saturday,March,2 pm
Saturday,April,2 pm
Saturday,July,3 pm
Saturday,November,2 pm
Saturday,May,7 pm
Saturday,April,3 pm
Saturday,March,4 pm
Tuesday,August,3 pm
Saturday,April,3 pm
Saturday,October,3 pm
Friday,August,3 pm
Wednesday,December,3 pm
Saturday,April,2 pm
Sunday,March,3 pm
Saturday,May,3 pm
Tuesday,June,3 pm
Saturday,May,11 am
Wednesday,June,3 pm
Wednesday,October,4 pm
Tuesday,September,2 pm
Saturday,April,3 pm
Friday,November,7 pm
Thursday,August,
Saturday,October,2 pm
Saturday,May,2 pm
Friday,January,10 am
Friday,March,3 pm
Saturday,October,4 pm
Saturday,November,3 pm
Friday,November,3 pm
Saturday,July,2 pm
Saturday,October,3 pm
Saturday,October,3 pm
Saturday,November,3 pm
Saturday,April,3 pm
Sunday,January,3 pm
Saturday,August,8 pm
Friday,May,3 pm
Saturday,April,3 pm
Saturday,March,3 pm
Friday,July,3 pm
Friday,July,3 pm
Friday,September,3 pm
Friday,April,3 pm
Friday,September,1 pm
Saturday,April,4 pm
Saturday,April,3 pm
Saturday,April,4 pm
Saturday,October,3 pm
Thursday,March,3 pm
Saturday,April,4 pm
Friday,July,3 pm
Saturday,April,3 pm
Saturday,October,3 pm
Saturday,July,1 pm
Saturday,August,3 pm
Saturday,April,5 pm
Sunday,November,10 am
Saturday,February,3 pm
Saturday,September,4 pm
Wednesday,July,3 pm
Wednesday,October,3 pm
Saturday,May,3 pm
Saturday,May,3 pm
Saturday,September,10 am
Saturday,April,3 pm
Saturday,September,2 pm
Saturday,April,2 pm
Saturday,October,3 pm
Friday,October,4 pm
Saturday,October,2 pm
Monday,March,1 pm
Saturday,March,2 pm
Saturday,December,3 pm
Friday,April,2 pm
Sunday,October,4 pm
Monday,August,3 pm
Saturday,July,3 pm
Saturday,December,4 pm
Saturday,January,4 pm
Saturday,January,4 pm
Saturday,April,3 pm
Saturday,January,3 pm
Sunday,December,4 pm
Saturday,September,2 pm
Saturday,February,11 pm
Saturday,November,4 pm
Saturday,December,4 am
Thursday,October,5 pm
Saturday,April,5 pm
Saturday,October,3 pm
Saturday,June,3 pm
Saturday,September,4 pm
Saturday,March,3 pm
Thursday,October,4 pm
Saturday,April,3 pm
Sunday,November,6 pm
Wednesday,April,3 pm
Saturday,October,4 pm
Sunday,February,11 am
Sunday,September,3 pm
Saturday,September,7 pm
Sunday,October,2 pm
Saturday,July,4 pm
Saturday,May,2 pm
Saturday,September,4 pm
Saturday,September,4 pm
Saturday,May,10 am
Friday,October,3 pm
Saturday,October,4 pm
Thursday,September,3 pm
Saturday,May,3 pm
Saturday,May,4 pm
Friday,October,3 pm
Friday,October,3 pm
Saturday,March,3 pm
Saturday,August,3 pm
Friday,October,3 pm
Saturday,October,2 pm
Saturday,November,3 pm
Friday,August,3 pm
Friday,November,4 pm
Saturday,August,3 pm
Saturday,November,3 pm
Sunday,November,5 pm
Saturday,March,3 pm
Thursday,October,2 pm
Monday,June,3 pm
Sunday,October,10 am
Friday,April,2 pm
Saturday,October,3 pm
Saturday,November,3 pm
Saturday,May,3 pm
Friday,September,2 pm
Tuesday,June,3 pm
Thursday,September,3 pm
Friday,September,11 am
Saturday,November,2 pm
Tuesday,February,4 pm
Sunday,May,3 pm
Saturday,September,2 pm
Saturday,April,3 pm
Saturday,October,2 pm
Sunday,November,4 pm
Saturday,October,2 pm
Saturday,November,6 pm
Saturday,October,2 pm
Saturday,January,3 pm
Sunday,April,3 pm
Thursday,October,11 am
Saturday,December,4 pm
Saturday,November,4 pm
Saturday,November,3 pm
Saturday,October,3 pm
Monday,July,3 pm
Saturday,December,5 pm
Saturday,December,5 pm
Saturday,November,4 pm
Saturday,February,3 pm
Saturday,February,3 pm
Saturday,November,3 pm
Saturday,September,11 am
Saturday,November,4 pm
Saturday,April,6 pm
Sunday,June,3 pm
Saturday,May,3 pm
Saturday,October,4 pm
Saturday,September,3 pm
Saturday,December,3 pm
Sunday,April,3 pm
Saturday,March,3 pm
Saturday,December,3 pm
Monday,September,3 pm
Saturday,March,3 pm
Saturday,July,12 pm
Saturday,August,4 pm
Saturday,April,3 pm
Saturday,October,3 pm
Saturday,September,3 pm
Saturday,June,3 pm
Wednesday,November,3 pm
Saturday,October,3 pm
Saturday,April,2 pm
Wednesday,November,8 am
Saturday,October,3 pm
Saturday,June,12 pm
Tuesday,May,10 am
Saturday,October,1 pm
Saturday,October,2 pm
Saturday,June,2 pm
Saturday,June,3 pm
Saturday,April,3 pm
Saturday,April,1 pm
Saturday,August,3 pm
Saturday,August,4 pm
Friday,August,3 pm
Saturday,October,3 pm
Friday,December,6 pm
Saturday,October,4 pm
Thursday,March,3 pm
Saturday,April,3 pm
Saturday,April,3 pm
Saturday,August,4 pm
Wednesday,September,3 pm
Saturday,June,4 pm
Friday,November,3 pm
Thursday,April,3 pm
Saturday,October,3 pm
Saturday,February,4 pm
Friday,October,2 pm
Friday,April,3 pm
Saturday,November,4 pm
Saturday,September,3 pm
Friday,October,3 pm
Saturday,August,2 pm
Saturday,October,3 pm
Saturday,May,3 pm
Friday,May,3 pm
Saturday,December,3 pm
Saturday,April,1 pm
Sunday,September,3 pm
Saturday,April,5 pm
Saturday,August,3 pm
Saturday,July,2 pm
Saturday,September,2 pm
Friday,October,3 pm
Saturday,September,3 pm
Friday,November,3 pm
Saturday,September,3 pm
Saturday,January,5 pm
Monday,October,3 pm
Sunday,June,3 pm
Saturday,April,4 pm
Friday,October,3 am
Saturday,March,4 pm
Saturday,January,3 pm
Saturday,October,3 pm
Saturday,September,4 pm
Friday,November,4 pm
Saturday,October,3 pm
Saturday,April,4 pm
Saturday,May,2 pm
Sunday,May,1 pm
Saturday,June,3 pm
Saturday,February,12 pm
Saturday,March,12 pm
Saturday,November,4 pm
Wednesday,March,3 pm
Friday,October,3 pm
Saturday,November,4 pm
Saturday,May,4 pm
Friday,May,4 pm
Saturday,March,5 pm
Saturday,September,3 pm
Saturday,March,5 pm
Saturday,October,4 pm
Saturday,September,3 pm
Wednesday,December,5 pm
Sunday,November,3 pm
Saturday,April,3 pm
Saturday,November,4 pm
Saturday,October,12 pm
Friday,October,7 am
Saturday,March,4 pm
Saturday,October,4 pm
Saturday,May,4 pm
Friday,November,3 pm
Saturday,August,2 pm
Saturday,July,3 pm
Saturday,July,3 pm
Saturday,May,3 pm
Saturday,May,3 pm
Friday,November,3 pm
Saturday,September,3 pm
Sunday,September,3 pm
Saturday,September,4 am
Saturday,March,3 pm
Friday,April,4 pm
Saturday,November,2 pm
Saturday,September,3 pm
Saturday,June,11 am
Friday,October,5 pm
Saturday,September,2 pm
Saturday,May,3 pm
Friday,September,3 pm
Saturday,October,3 pm
Saturday,July,2 pm
Saturday,December,3 pm
Saturday,September,3 pm
Saturday,November,4 pm
Saturday,March,2 pm
Saturday,April,3 pm
Saturday,October,2 pm
Saturday,December,5 pm
Saturday,March,12 am
Sunday,February,5 pm
Sunday,February,5 pm
Saturday,May,3 pm
Saturday,October,3 pm
Wednesday,February,3 pm
Saturday,February,3 pm
Sunday,March,2 pm
Saturday,September,3 pm
Friday,August,3 pm
Friday,October,2 pm
Sunday,October,12 pm
Saturday,October,3 am
Tuesday,February,2 pm
Saturday,September,
Saturday,September,2 pm
Friday,August,5 pm
Friday,April,3 pm
Friday,August,3 pm
Saturday,November,3 pm
Saturday,November,4 pm
Saturday,March,3 pm
Saturday,September,4 pm
Friday,September,3 pm
Wednesday,February,3 pm
Wednesday,February,3 pm
Wednesday,February,5 pm
Saturday,October,3 pm
Saturday,September,3 pm
Friday,August,3 pm
Tuesday,February,3 pm
Saturday,March,5 pm
Tuesday,January,4 pm
Saturday,November,3 pm
Saturday,December,5 pm
Friday,February,12 pm
Saturday,September,3 pm
Saturday,October,3 pm
Monday,May,3 pm
Saturday,August,3 pm
Saturday,April,3 pm
Saturday,January,4 pm
Friday,June,2 pm
Friday,June,2 pm
Sunday,June,3 pm
Saturday,November,3 pm
Saturday,April,3 pm
Saturday,July,2 pm
Sunday,May,3 pm
Sunday,January,5 pm
Saturday,May,3 pm
Saturday,May,3 pm
Saturday,May,2 pm
Sunday,May,1 pm
Saturday,October,3 pm
Friday,October,5 am
Sunday,June,2 pm
Saturday,March,3 pm
Saturday,November,4 pm
Saturday,May,4 pm
Saturday,March,3 pm
Friday,May,2 am
Friday,July,3 pm
Saturday,July,12 pm
Saturday,May,2 pm
Sunday,June,3 pm
Saturday,October,3 pm
Saturday,September,3 pm
Saturday,January,4 pm
Friday,May,3 pm
Saturday,November,4 pm
Saturday,July,3 pm
Saturday,October,4 pm
Wednesday,April,11 am
Friday,July,3 pm
Saturday,September,5 pm
Friday,May,3 pm
Saturday,November,3 pm
Saturday,May,3 pm
Saturday,September,3 pm
Saturday,October,3 pm
Saturday,January,3 pm
Saturday,December,3 pm
Saturday,April,3 pm
Saturday,October,4 pm
Saturday,March,4 pm
Saturday,July,5 pm
Saturday,June,2 pm
Saturday,May,3 pm
Saturday,October,3 pm
Sunday,July,12 pm
Friday,September,3 pm
Sunday,June,3 pm
Saturday,May,3 pm
Friday,May,3 pm
Thursday,March,3 pm
Saturday,April,11 am
Saturday,July,2 pm
Saturday,October,3 pm
Saturday,October,2 pm
Saturday,October,3 pm
Saturday,September,3 pm
Saturday,April,3 pm
Saturday,September,3 pm
Thursday,April,3 pm
Saturday,September,11 am
Monday,August,3 pm
Friday,May,2 pm
Saturday,September,3 pm
Saturday,September,2 pm
Saturday,October,3 pm
Saturday,October,6 pm
Saturday,January,2 pm
Saturday,March,12 pm
Saturday,September,3 pm
Wednesday,August,5 pm
Saturday,July,2 pm
Saturday,August,1 pm
Sunday,November,4 pm
Saturday,October,4 pm
Friday,March,3 pm
Friday,March,4 pm
Friday,March,5 pm
Saturday,November,3 pm
Thursday,March,5 am
Saturday,January,5 pm
Thursday,December,3 pm
Saturday,May,1 pm
Wednesday,December,3 pm
Sunday,April,3 pm
Friday,July,5 pm
Thursday,December,3 pm
Monday,September,4 pm
Saturday,June,3 pm
Friday,March,4 pm
Saturday,October,4 pm
Saturday,November,3 pm
Saturday,June,3 pm
Saturday,October,3 pm
Saturday,April,4 pm
Saturday,May,3 pm
Friday,May,2 pm
Saturday,September,4 pm
Saturday,August,3 pm
Saturday,May,4 pm
Thursday,January,1 pm
Saturday,October,3 pm
Friday,May,11 am
Monday,January,
Monday,January,
Saturday,September,3 pm
Saturday,February,4 pm
Monday,December,4 pm
Saturday,March,3 pm
Saturday,March,4 pm
Sunday,February,12 pm
Saturday,June,3 pm
Saturday,July,3 pm
Sunday,September,2 pm
Saturday,January,3 pm
Saturday,November,4 pm
Sunday,April,2 pm
Friday,January,3 pm
Sunday,September,4 pm
Saturday,April,2 pm
Friday,April,1 pm
Sunday,September,4 pm
Saturday,August,2 pm
Saturday,October,3 pm
Saturday,September,3 pm
Saturday,September,3 pm
Saturday,June,3 pm
Wednesday,July,2 pm
Saturday,September,3 pm
Saturday,March,4 pm
Sunday,October,3 pm
Saturday,August,3 pm
Friday,March,3 pm
Friday,August,3 pm
Saturday,June,3 pm
Saturday,September,4 pm
Saturday,October,1 pm
Sunday,July,4 pm
Saturday,September,3 pm
Friday,October,3 pm
Saturday,September,3 pm
Friday,April,2 pm
Sunday,June,3 pm
Sunday,November,3 pm
Saturday,June,3 pm
Saturday,February,3 pm
Saturday,July,4 pm
Saturday,October,10 am
Friday,August,1 pm
Saturday,September,4 pm
Saturday,April,5 pm
Saturday,September,3 pm
Saturday,June,2 pm
Saturday,June,3 pm
Wednesday,June,2 pm
Saturday,October,3 pm
Tuesday,November,1 pm
Saturday,March,11 am
Saturday,September,3 pm
Saturday,August,2 pm
Saturday,August,3 pm
Saturday,April,4 pm
Saturday,April,3 pm
Saturday,June,2 pm
Friday,September,3 pm
Friday,April,3 pm
Saturday,April,3 pm
Thursday,August,2 pm
Saturday,September,2 pm
Friday,April,3 pm
Saturday,October,4 pm
Saturday,January,4 pm
Saturday,November,4 pm
Sunday,August,10 am
Saturday,October,3 pm
Saturday,March,3 pm
Saturday,November,4 pm
Sunday,April,3 pm
Saturday,October,10 am
Friday,October,3 pm
Saturday,November,10 am
Tuesday,March,1 pm
Saturday,May,3 pm
Saturday,May,3 pm
Friday,October,1 pm
Saturday,March,3 pm
Monday,December,5 pm
Friday,March,5 pm
Saturday,November,2 pm
Sunday,December,3 pm
Saturday,March,5 pm
Saturday,December,3 pm
Saturday,August,3 pm
Friday,May,1 pm
Saturday,August,3 pm
Saturday,March,4 pm
Saturday,October,11 am
Saturday,November,3 pm
Friday,September,3 pm
Saturday,November,6 am
Saturday,June,3 pm
Saturday,May,3 pm
Friday,October,4 pm
Saturday,July,3 pm
Saturday,September,4 pm
Sunday,October,10 am
Friday,April,2 am
Thursday,September,3 pm
Saturday,November,3 pm
Saturday,July,3 pm
Saturday,May,3 pm
Saturday,May,3 pm
Sunday,June,3 pm
Saturday,September,3 pm
Friday,April,3 pm
Saturday,October,4 pm
Sunday,October,3 pm
Friday,August,5 pm
Saturday,November,4 pm
Saturday,February,3 pm
Saturday,March,5 pm
Friday,November,11 am
Saturday,January,3 pm
Saturday,September,3 pm
Saturday,April,3 pm
Friday,April,11 am
Saturday,October,2 pm
Saturday,January,10 am
Saturday,February,3 pm
Friday,May,3 pm
Sunday,March,3 pm
Tuesday,December,9 am
Friday,October,3 pm
Saturday,May,3 pm
Saturday,July,3 pm
Friday,May,3 pm
Saturday,March,3 pm
Saturday,April,4 pm
Saturday,January,3 pm
Saturday,May,12 pm
Monday,March,3 pm
Friday,August,2 pm
Saturday,February,3 pm
Sunday,May,5 pm
Sunday,November,3 pm
Friday,May,2 pm
Saturday,March,3 pm
Sunday,November,12 pm
Wednesday,December,7 pm
Saturday,October,4 pm
Friday,March,4 pm
Saturday,November,3 pm
Saturday,October,10 am
Saturday,May,3 pm
Saturday,November,3 pm
Saturday,March,4 pm
Saturday,May,2 pm
Friday,May,3 pm
Thursday,November,11 am
Saturday,September,5 pm
Saturday,April,4 pm
Saturday,February,4 pm
Tuesday,May,2 pm
Saturday,August,1 am
Saturday,October,3 pm
Saturday,May,3 pm
Saturday,April,3 pm
Saturday,February,3 pm
Saturday,September,3 pm
Saturday,October,1 pm
Saturday,March,6 pm
Friday,May,6 pm
Saturday,October,2 pm
Thursday,August,2 pm
Saturday,August,3 pm
Wednesday,July,2 pm
Thursday,September,1 pm
Sunday,March,3 pm
Friday,May,3 pm
Saturday,September,3 pm
Saturday,September,2 pm
Saturday,March,3 pm
Saturday,February,3 pm
Saturday,August,1 pm
Saturday,May,2 pm
Saturday,September,3 pm
Saturday,February,4 pm
Saturday,December,4 pm
Saturday,December,4 pm
Saturday,November,3 pm
Saturday,March,3 pm
Saturday,January,4 pm
Saturday,April,4 pm
Friday,March,3 pm
Saturday,February,5 pm
Saturday,November,3 am
Saturday,February,5 pm
Saturday,September,2 pm
Saturday,August,2 pm
Saturday,March,4 pm
Friday,May,4 pm
Thursday,August,2 pm
Saturday,April,2 pm
Saturday,April,4 pm
Thursday,July,3 pm
Friday,April,3 pm
Saturday,August,4 pm
Saturday,April,3 pm
Saturday,April,3 pm
Saturday,October,4 pm
Saturday,May,3 pm
Saturday,October,3 pm
Saturday,December,3 pm
Saturday,December,3 pm
Saturday,April,3 pm
Friday,November,4 pm
Wednesday,April,3 pm
Saturday,May,3 pm
Saturday,August,3 pm
Saturday,July,2 pm
Saturday,April,3 pm
Friday,June,3 pm
Saturday,November,3 pm
Thursday,April,3 pm
Sunday,July,3 pm
Saturday,October,3 pm
Monday,December,4 pm
Friday,May,3 pm
Sunday,October,2 pm
Saturday,June,5 pm
Saturday,September,3 pm
Friday,May,3 pm
Saturday,April,4 pm
Saturday,November,7 pm
Saturday,October,4 pm
Saturday,April,4 pm
Saturday,September,2 pm
Sunday,April,5 pm
Sunday,September,3 pm
Saturday,March,3 pm
Saturday,July,3 pm
Saturday,October,2 pm
Saturday,May,3 pm
Thursday,October,4 pm
Saturday,November,3 pm
Saturday,May,3 pm
Saturday,September,4 pm
Saturday,September,2 pm
Friday,May,3 pm
Friday,May,5 pm
Thursday,May,3 pm
Friday,May,10 pm
Saturday,May,10 pm
Friday,May,3 pm
Thursday,May,3 pm
Friday,September,3 pm
Saturday,December,7 pm
Saturday,August,4 pm
Sunday,December,5 pm
Sunday,May,3 pm
Saturday,December,5 pm
Friday,June,3 pm
Saturday,August,3 pm
Saturday,July,5 pm
Saturday,July,2 pm
Wednesday,January,2 pm
Saturday,March,3 pm
Saturday,June,3 pm
Saturday,November,5 pm
Friday,May,3 pm
Saturday,October,3 pm
Tuesday,May,3 pm
Saturday,March,4 pm
Saturday,July,11 am
Saturday,December,4 pm
Friday,May,3 pm
Sunday,January,4 pm
Monday,September,4 pm
Thursday,October,10 am
Saturday,March,4 pm
Friday,August,1 pm
Sunday,September,3 pm
Saturday,March,3 pm
Wednesday,May,8 am
Saturday,November,11 am
Saturday,May,3 pm
Wednesday,November,5 pm